{
  "epochs": 8,
  "vocab_size": 5476,
  "num_examples": 6000,
  "final_loss": 4.294210094086667,
  "loss_curve": [
    6.55219359093524,
    5.622075334508368,
    5.321701861442404,
    5.097112219384376,
    4.89569046649527,
    4.7040706492484885,
    4.502899601104412,
    4.294210094086667
  ],
  "seconds": 878.5,
  "final_generation": "my lord , i ' ll tell you to your grace . ' s good lord , - - - - - - - - - - - - - - - - - - - - - - - - - - - - - - - - - - -"
}