{
  "spectral": {
    "small": {
      "0.001": 0.37320833890254634,
      "0.002081": 0.3632061634334264,
      "0.004329": 0.3362367400350403,
      "0.009006": 0.2396562081030012,
      "0.01874": 0.04416711956344989,
      "0.03899": 0.028034673164576664,
      "0.08111": 0.023183035363775435,
      "0.1688": 0.023044423051403706,
      "0.3511": 0.023452962879031675,
      "0.7305": 1.2276365185005036,
      "1.52": 5.654552125270532,
      "3.162": 0.38093207439739885
    },
    "large": {
      "0.001": 0.3701696034938853,
      "0.002081": 0.3584693818641831,
      "0.004329": 0.3273364946269833,
      "0.009006": 0.21852737499742586,
      "0.01874": 0.024695042827405325,
      "0.03899": 0.01936544904826081,
      "0.08111": 0.032226830024632,
      "0.1688": 0.05793059882272483,
      "0.3511": 0.026052510407166968,
      "0.7305": 0.15916120622114724,
      "1.52": 2.147290572253032,
      "3.162": 0.38093207439739885
    },
    "best_small_lr": 0.1687612475788147,
    "best_large_lr": 0.038986037025490715,
    "transfer_gap_log10": 0.6363636363636362,
    "large_loss_at_small_best_lr": 0.05793059882272483,
    "large_best_loss": 0.01936544904826081,
    "transfer_ratio": 2.9914410287288185
  },
  "naive": {
    "small": {
      "0.001": 0.37775436709372145,
      "0.002081": 0.373613534418402,
      "0.004329": 0.365121371141765,
      "0.009006": 0.34621209226937955,
      "0.01874": 0.2886816102667965,
      "0.03899": 0.11512316091728314,
      "0.08111": 0.07496541268066077,
      "0.1688": 0.05988645577021422,
      "0.3511": 0.040042838009438336,
      "0.7305": 0.0565975237712698,
      "1.52": "inf",
      "3.162": "inf"
    },
    "large": {
      "0.001": 0.33838141238369945,
      "0.002081": 0.2967502748631291,
      "0.004329": 0.21384605239835663,
      "0.009006": 0.08320569193254028,
      "0.01874": 0.26120180103372936,
      "0.03899": 0.037790502121875486,
      "0.08111": 0.03436679585638571,
      "0.1688": "inf",
      "0.3511": "inf",
      "0.7305": "inf",
      "1.52": "inf",
      "3.162": "inf"
    },
    "best_small_lr": 0.3511191734215131,
    "best_large_lr": 0.08111308307896872,
    "transfer_gap_log10": 0.6363636363636362,
    "large_loss_at_small_best_lr": "inf",
    "large_best_loss": 0.03436679585638571,
    "transfer_ratio": "inf"
  }
}