{
  "epochs": 8,
  "timesteps": 200,
  "subset": 12000,
  "final_loss": 0.04966912311600878,
  "loss_curve": [
    0.2131840835543389,
    0.08555811556412819,
    0.06947800655789832,
    0.06096233930835064,
    0.057264786094744155,
    0.05448147904207098,
    0.05155140224923479,
    0.04966912311600878
  ],
  "seconds": 1671.4
}